Freq_GHz,Tau_ns
35.7997441222807,3.99808936392608
35.7997441222808,3.99808936285187
